,Data.Base,Train.Clean,Test.Clean
0,abalone_subset_std,0.79921875,0.765
1,australian_std,0.9148550724637681,0.8188405797101449
2,banknote_std,1.0,1.0
3,breastcancer_std,0.9934065934065934,0.9495614035087719
4,cmc_std,0.7990237691001698,0.7754237288135594
5,htru2_subset_std,0.9479687499999999,0.92625
6,phoneme_subset_std,0.896875,0.855625
7,ringnorm_subset_std,0.994375,0.9781249999999999
8,texture_subset_std,1.0,0.9975
9,yeast_subset_std,0.735273492286115,0.6578212290502793
